data_path,target_path,room_corners,room_absorption,room_mics,room_source
/home/felixwiberg/rirnet/delta_features/database/data/0_d.npy,/home/felixwiberg/rirnet/delta_features/database/data/0_t.npy,"[[ 7.934143  7.934143  0.        0.       17.948574 17.948574 17.948574
   7.934143]
 [11.878082 23.988838 23.988838  0.        0.       11.878082 11.878082
  11.878082]
 [ 0.        0.        0.        0.        0.        0.        0.
   3.228589]]","[0.15639582 0.15639582 0.15639582 0.15639582 0.15639582 0.15639582
 0.15639582 0.15639582]",[11.54935672  7.35483188  1.18110469],[6.17541971 6.54194575 1.29027102]
/home/felixwiberg/rirnet/delta_features/database/data/1_d.npy,/home/felixwiberg/rirnet/delta_features/database/data/1_t.npy,"[[ 7.934143  7.934143  0.        0.       17.948574 17.948574 17.948574
   7.934143]
 [11.878082 23.988838 23.988838  0.        0.       11.878082 11.878082
  11.878082]
 [ 0.        0.        0.        0.        0.        0.        0.
   3.228589]]","[0.15639582 0.15639582 0.15639582 0.15639582 0.15639582 0.15639582
 0.15639582 0.15639582]",[15.44895629  7.12634183  1.99939002],[6.17541971 6.54194575 1.29027102]
/home/felixwiberg/rirnet/delta_features/database/data/2_d.npy,/home/felixwiberg/rirnet/delta_features/database/data/2_t.npy,"[[ 7.934143  7.934143  0.        0.       17.948574 17.948574 17.948574
   7.934143]
 [11.878082 23.988838 23.988838  0.        0.       11.878082 11.878082
  11.878082]
 [ 0.        0.        0.        0.        0.        0.        0.
   3.228589]]","[0.15639582 0.15639582 0.15639582 0.15639582 0.15639582 0.15639582
 0.15639582 0.15639582]",[8.00667009 9.83401511 0.59447648],[6.17541971 6.54194575 1.29027102]
/home/felixwiberg/rirnet/delta_features/database/data/3_d.npy,/home/felixwiberg/rirnet/delta_features/database/data/3_t.npy,"[[ 7.934143  7.934143  0.        0.       17.948574 17.948574 17.948574
   7.934143]
 [11.878082 23.988838 23.988838  0.        0.       11.878082 11.878082
  11.878082]
 [ 0.        0.        0.        0.        0.        0.        0.
   3.228589]]","[0.15639582 0.15639582 0.15639582 0.15639582 0.15639582 0.15639582
 0.15639582 0.15639582]",[ 5.97272307 20.53470133  2.54018108],[6.17541971 6.54194575 1.29027102]
/home/felixwiberg/rirnet/delta_features/database/data/4_d.npy,/home/felixwiberg/rirnet/delta_features/database/data/4_t.npy,"[[ 7.934143  7.934143  0.        0.       17.948574 17.948574 17.948574
   7.934143]
 [11.878082 23.988838 23.988838  0.        0.       11.878082 11.878082
  11.878082]
 [ 0.        0.        0.        0.        0.        0.        0.
   3.228589]]","[0.15639582 0.15639582 0.15639582 0.15639582 0.15639582 0.15639582
 0.15639582 0.15639582]",[ 6.86024943 18.64119992  1.91439756],[6.17541971 6.54194575 1.29027102]
/home/felixwiberg/rirnet/delta_features/database/data/5_d.npy,/home/felixwiberg/rirnet/delta_features/database/data/5_t.npy,"[[ 7.934143  7.934143  0.        0.       17.948574 17.948574 17.948574
   7.934143]
 [11.878082 23.988838 23.988838  0.        0.       11.878082 11.878082
  11.878082]
 [ 0.        0.        0.        0.        0.        0.        0.
   3.228589]]","[0.15639582 0.15639582 0.15639582 0.15639582 0.15639582 0.15639582
 0.15639582 0.15639582]",[ 9.06901944 11.17935536  1.64965893],[6.17541971 6.54194575 1.29027102]
/home/felixwiberg/rirnet/delta_features/database/data/6_d.npy,/home/felixwiberg/rirnet/delta_features/database/data/6_t.npy,"[[ 7.934143  7.934143  0.        0.       17.948574 17.948574 17.948574
   7.934143]
 [11.878082 23.988838 23.988838  0.        0.       11.878082 11.878082
  11.878082]
 [ 0.        0.        0.        0.        0.        0.        0.
   3.228589]]","[0.15639582 0.15639582 0.15639582 0.15639582 0.15639582 0.15639582
 0.15639582 0.15639582]",[10.00998243  2.3535447   2.62504446],[6.17541971 6.54194575 1.29027102]
/home/felixwiberg/rirnet/delta_features/database/data/7_d.npy,/home/felixwiberg/rirnet/delta_features/database/data/7_t.npy,"[[ 7.934143  7.934143  0.        0.       17.948574 17.948574 17.948574
   7.934143]
 [11.878082 23.988838 23.988838  0.        0.       11.878082 11.878082
  11.878082]
 [ 0.        0.        0.        0.        0.        0.        0.
   3.228589]]","[0.15639582 0.15639582 0.15639582 0.15639582 0.15639582 0.15639582
 0.15639582 0.15639582]",[ 5.49691145 23.00006823  1.94046088],[6.17541971 6.54194575 1.29027102]
/home/felixwiberg/rirnet/delta_features/database/data/8_d.npy,/home/felixwiberg/rirnet/delta_features/database/data/8_t.npy,"[[ 7.934143  7.934143  0.        0.       17.948574 17.948574 17.948574
   7.934143]
 [11.878082 23.988838 23.988838  0.        0.       11.878082 11.878082
  11.878082]
 [ 0.        0.        0.        0.        0.        0.        0.
   3.228589]]","[0.15639582 0.15639582 0.15639582 0.15639582 0.15639582 0.15639582
 0.15639582 0.15639582]",[14.48076086  0.93606741  1.10876973],[6.17541971 6.54194575 1.29027102]
/home/felixwiberg/rirnet/delta_features/database/data/9_d.npy,/home/felixwiberg/rirnet/delta_features/database/data/9_t.npy,"[[ 7.934143  7.934143  0.        0.       17.948574 17.948574 17.948574
   7.934143]
 [11.878082 23.988838 23.988838  0.        0.       11.878082 11.878082
  11.878082]
 [ 0.        0.        0.        0.        0.        0.        0.
   3.228589]]","[0.15639582 0.15639582 0.15639582 0.15639582 0.15639582 0.15639582
 0.15639582 0.15639582]",[8.12734202 4.8037295  1.74302012],[6.17541971 6.54194575 1.29027102]
/home/felixwiberg/rirnet/delta_features/database/data/10_d.npy,/home/felixwiberg/rirnet/delta_features/database/data/10_t.npy,"[[ 8.693399  6.661681  6.661681  0.        0.       11.734812 11.734812
   8.693399  8.693399  8.693399]
 [ 9.409289  9.409289 21.697046 21.697046  0.        0.       21.697046
  21.697046 21.697046  9.409289]
 [ 0.        0.        0.        0.        0.        0.        0.
   0.        0.        3.595865]]","[0.42514017 0.42514017 0.42514017 0.42514017 0.42514017 0.42514017
 0.42514017 0.42514017 0.42514017 0.42514017]",[6.57422222 8.32651872 0.57097251],[ 9.85055503 19.33326934  0.82380297]
/home/felixwiberg/rirnet/delta_features/database/data/11_d.npy,/home/felixwiberg/rirnet/delta_features/database/data/11_t.npy,"[[ 8.693399  6.661681  6.661681  0.        0.       11.734812 11.734812
   8.693399  8.693399  8.693399]
 [ 9.409289  9.409289 21.697046 21.697046  0.        0.       21.697046
  21.697046 21.697046  9.409289]
 [ 0.        0.        0.        0.        0.        0.        0.
   0.        0.        3.595865]]","[0.42514017 0.42514017 0.42514017 0.42514017 0.42514017 0.42514017
 0.42514017 0.42514017 0.42514017 0.42514017]",[ 1.43821161 11.16911471  1.40838228],[ 9.85055503 19.33326934  0.82380297]
/home/felixwiberg/rirnet/delta_features/database/data/12_d.npy,/home/felixwiberg/rirnet/delta_features/database/data/12_t.npy,"[[ 8.693399  6.661681  6.661681  0.        0.       11.734812 11.734812
   8.693399  8.693399  8.693399]
 [ 9.409289  9.409289 21.697046 21.697046  0.        0.       21.697046
  21.697046 21.697046  9.409289]
 [ 0.        0.        0.        0.        0.        0.        0.
   0.        0.        3.595865]]","[0.42514017 0.42514017 0.42514017 0.42514017 0.42514017 0.42514017
 0.42514017 0.42514017 0.42514017 0.42514017]",[1.10686003 2.22906566 1.00596584],[ 9.85055503 19.33326934  0.82380297]
/home/felixwiberg/rirnet/delta_features/database/data/13_d.npy,/home/felixwiberg/rirnet/delta_features/database/data/13_t.npy,"[[ 8.693399  6.661681  6.661681  0.        0.       11.734812 11.734812
   8.693399  8.693399  8.693399]
 [ 9.409289  9.409289 21.697046 21.697046  0.        0.       21.697046
  21.697046 21.697046  9.409289]
 [ 0.        0.        0.        0.        0.        0.        0.
   0.        0.        3.595865]]","[0.42514017 0.42514017 0.42514017 0.42514017 0.42514017 0.42514017
 0.42514017 0.42514017 0.42514017 0.42514017]",[4.44680476 6.72013797 2.23412716],[ 9.85055503 19.33326934  0.82380297]
/home/felixwiberg/rirnet/delta_features/database/data/14_d.npy,/home/felixwiberg/rirnet/delta_features/database/data/14_t.npy,"[[ 8.693399  6.661681  6.661681  0.        0.       11.734812 11.734812
   8.693399  8.693399  8.693399]
 [ 9.409289  9.409289 21.697046 21.697046  0.        0.       21.697046
  21.697046 21.697046  9.409289]
 [ 0.        0.        0.        0.        0.        0.        0.
   0.        0.        3.595865]]","[0.42514017 0.42514017 0.42514017 0.42514017 0.42514017 0.42514017
 0.42514017 0.42514017 0.42514017 0.42514017]",[ 4.11629019 16.81768054  0.85781481],[ 9.85055503 19.33326934  0.82380297]
/home/felixwiberg/rirnet/delta_features/database/data/15_d.npy,/home/felixwiberg/rirnet/delta_features/database/data/15_t.npy,"[[ 8.693399  6.661681  6.661681  0.        0.       11.734812 11.734812
   8.693399  8.693399  8.693399]
 [ 9.409289  9.409289 21.697046 21.697046  0.        0.       21.697046
  21.697046 21.697046  9.409289]
 [ 0.        0.        0.        0.        0.        0.        0.
   0.        0.        3.595865]]","[0.42514017 0.42514017 0.42514017 0.42514017 0.42514017 0.42514017
 0.42514017 0.42514017 0.42514017 0.42514017]",[ 9.285916   18.66363259  2.84043362],[ 9.85055503 19.33326934  0.82380297]
/home/felixwiberg/rirnet/delta_features/database/data/16_d.npy,/home/felixwiberg/rirnet/delta_features/database/data/16_t.npy,"[[ 8.693399  6.661681  6.661681  0.        0.       11.734812 11.734812
   8.693399  8.693399  8.693399]
 [ 9.409289  9.409289 21.697046 21.697046  0.        0.       21.697046
  21.697046 21.697046  9.409289]
 [ 0.        0.        0.        0.        0.        0.        0.
   0.        0.        3.595865]]","[0.42514017 0.42514017 0.42514017 0.42514017 0.42514017 0.42514017
 0.42514017 0.42514017 0.42514017 0.42514017]",[9.40451584 7.06980396 1.6737109 ],[ 9.85055503 19.33326934  0.82380297]
/home/felixwiberg/rirnet/delta_features/database/data/17_d.npy,/home/felixwiberg/rirnet/delta_features/database/data/17_t.npy,"[[ 8.693399  6.661681  6.661681  0.        0.       11.734812 11.734812
   8.693399  8.693399  8.693399]
 [ 9.409289  9.409289 21.697046 21.697046  0.        0.       21.697046
  21.697046 21.697046  9.409289]
 [ 0.        0.        0.        0.        0.        0.        0.
   0.        0.        3.595865]]","[0.42514017 0.42514017 0.42514017 0.42514017 0.42514017 0.42514017
 0.42514017 0.42514017 0.42514017 0.42514017]",[ 0.97859118 19.63369628  2.71418655],[ 9.85055503 19.33326934  0.82380297]
/home/felixwiberg/rirnet/delta_features/database/data/18_d.npy,/home/felixwiberg/rirnet/delta_features/database/data/18_t.npy,"[[ 8.693399  6.661681  6.661681  0.        0.       11.734812 11.734812
   8.693399  8.693399  8.693399]
 [ 9.409289  9.409289 21.697046 21.697046  0.        0.       21.697046
  21.697046 21.697046  9.409289]
 [ 0.        0.        0.        0.        0.        0.        0.
   0.        0.        3.595865]]","[0.42514017 0.42514017 0.42514017 0.42514017 0.42514017 0.42514017
 0.42514017 0.42514017 0.42514017 0.42514017]",[ 9.53800539 17.42482494  2.829818  ],[ 9.85055503 19.33326934  0.82380297]
/home/felixwiberg/rirnet/delta_features/database/data/19_d.npy,/home/felixwiberg/rirnet/delta_features/database/data/19_t.npy,"[[ 8.693399  6.661681  6.661681  0.        0.       11.734812 11.734812
   8.693399  8.693399  8.693399]
 [ 9.409289  9.409289 21.697046 21.697046  0.        0.       21.697046
  21.697046 21.697046  9.409289]
 [ 0.        0.        0.        0.        0.        0.        0.
   0.        0.        3.595865]]","[0.42514017 0.42514017 0.42514017 0.42514017 0.42514017 0.42514017
 0.42514017 0.42514017 0.42514017 0.42514017]",[ 1.57579568 15.74770079  0.93648102],[ 9.85055503 19.33326934  0.82380297]
/home/felixwiberg/rirnet/delta_features/database/data/20_d.npy,/home/felixwiberg/rirnet/delta_features/database/data/20_t.npy,"[[13.235158   8.278471   8.278471   0.         0.        20.618227
  20.618227  13.235158  13.235158  13.235158 ]
 [ 3.3430066  3.3430066 19.895014  19.895014   0.         0.
  19.895014  19.895014  19.895014   3.3430066]
 [ 0.         0.         0.         0.         0.         0.
   0.         0.         0.         2.596338 ]]","[0.84830175 0.84830175 0.84830175 0.84830175 0.84830175 0.84830175
 0.84830175 0.84830175 0.84830175 0.84830175]",[ 1.45297347 16.26399626  1.9605336 ],[17.39079152  2.13747026  0.6944283 ]
/home/felixwiberg/rirnet/delta_features/database/data/21_d.npy,/home/felixwiberg/rirnet/delta_features/database/data/21_t.npy,"[[13.235158   8.278471   8.278471   0.         0.        20.618227
  20.618227  13.235158  13.235158  13.235158 ]
 [ 3.3430066  3.3430066 19.895014  19.895014   0.         0.
  19.895014  19.895014  19.895014   3.3430066]
 [ 0.         0.         0.         0.         0.         0.
   0.         0.         0.         2.596338 ]]","[0.84830175 0.84830175 0.84830175 0.84830175 0.84830175 0.84830175
 0.84830175 0.84830175 0.84830175 0.84830175]",[19.91201041  8.28161429  1.31377635],[17.39079152  2.13747026  0.6944283 ]
/home/felixwiberg/rirnet/delta_features/database/data/22_d.npy,/home/felixwiberg/rirnet/delta_features/database/data/22_t.npy,"[[13.235158   8.278471   8.278471   0.         0.        20.618227
  20.618227  13.235158  13.235158  13.235158 ]
 [ 3.3430066  3.3430066 19.895014  19.895014   0.         0.
  19.895014  19.895014  19.895014   3.3430066]
 [ 0.         0.         0.         0.         0.         0.
   0.         0.         0.         2.596338 ]]","[0.84830175 0.84830175 0.84830175 0.84830175 0.84830175 0.84830175
 0.84830175 0.84830175 0.84830175 0.84830175]",[5.97490315 9.59299135 1.90434074],[17.39079152  2.13747026  0.6944283 ]
/home/felixwiberg/rirnet/delta_features/database/data/23_d.npy,/home/felixwiberg/rirnet/delta_features/database/data/23_t.npy,"[[13.235158   8.278471   8.278471   0.         0.        20.618227
  20.618227  13.235158  13.235158  13.235158 ]
 [ 3.3430066  3.3430066 19.895014  19.895014   0.         0.
  19.895014  19.895014  19.895014   3.3430066]
 [ 0.         0.         0.         0.         0.         0.
   0.         0.         0.         2.596338 ]]","[0.84830175 0.84830175 0.84830175 0.84830175 0.84830175 0.84830175
 0.84830175 0.84830175 0.84830175 0.84830175]",[16.09897597 15.6733276   1.17130274],[17.39079152  2.13747026  0.6944283 ]
/home/felixwiberg/rirnet/delta_features/database/data/24_d.npy,/home/felixwiberg/rirnet/delta_features/database/data/24_t.npy,"[[13.235158   8.278471   8.278471   0.         0.        20.618227
  20.618227  13.235158  13.235158  13.235158 ]
 [ 3.3430066  3.3430066 19.895014  19.895014   0.         0.
  19.895014  19.895014  19.895014   3.3430066]
 [ 0.         0.         0.         0.         0.         0.
   0.         0.         0.         2.596338 ]]","[0.84830175 0.84830175 0.84830175 0.84830175 0.84830175 0.84830175
 0.84830175 0.84830175 0.84830175 0.84830175]",[6.9024699  0.54095067 0.75622119],[17.39079152  2.13747026  0.6944283 ]
/home/felixwiberg/rirnet/delta_features/database/data/25_d.npy,/home/felixwiberg/rirnet/delta_features/database/data/25_t.npy,"[[13.235158   8.278471   8.278471   0.         0.        20.618227
  20.618227  13.235158  13.235158  13.235158 ]
 [ 3.3430066  3.3430066 19.895014  19.895014   0.         0.
  19.895014  19.895014  19.895014   3.3430066]
 [ 0.         0.         0.         0.         0.         0.
   0.         0.         0.         2.596338 ]]","[0.84830175 0.84830175 0.84830175 0.84830175 0.84830175 0.84830175
 0.84830175 0.84830175 0.84830175 0.84830175]",[15.48992441  1.34391264  1.00103625],[17.39079152  2.13747026  0.6944283 ]
/home/felixwiberg/rirnet/delta_features/database/data/26_d.npy,/home/felixwiberg/rirnet/delta_features/database/data/26_t.npy,"[[13.235158   8.278471   8.278471   0.         0.        20.618227
  20.618227  13.235158  13.235158  13.235158 ]
 [ 3.3430066  3.3430066 19.895014  19.895014   0.         0.
  19.895014  19.895014  19.895014   3.3430066]
 [ 0.         0.         0.         0.         0.         0.
   0.         0.         0.         2.596338 ]]","[0.84830175 0.84830175 0.84830175 0.84830175 0.84830175 0.84830175
 0.84830175 0.84830175 0.84830175 0.84830175]",[18.09083449  6.30885735  1.33560736],[17.39079152  2.13747026  0.6944283 ]
/home/felixwiberg/rirnet/delta_features/database/data/27_d.npy,/home/felixwiberg/rirnet/delta_features/database/data/27_t.npy,"[[13.235158   8.278471   8.278471   0.         0.        20.618227
  20.618227  13.235158  13.235158  13.235158 ]
 [ 3.3430066  3.3430066 19.895014  19.895014   0.         0.
  19.895014  19.895014  19.895014   3.3430066]
 [ 0.         0.         0.         0.         0.         0.
   0.         0.         0.         2.596338 ]]","[0.84830175 0.84830175 0.84830175 0.84830175 0.84830175 0.84830175
 0.84830175 0.84830175 0.84830175 0.84830175]",[8.49487363 1.55096698 1.06651968],[17.39079152  2.13747026  0.6944283 ]
/home/felixwiberg/rirnet/delta_features/database/data/28_d.npy,/home/felixwiberg/rirnet/delta_features/database/data/28_t.npy,"[[13.235158   8.278471   8.278471   0.         0.        20.618227
  20.618227  13.235158  13.235158  13.235158 ]
 [ 3.3430066  3.3430066 19.895014  19.895014   0.         0.
  19.895014  19.895014  19.895014   3.3430066]
 [ 0.         0.         0.         0.         0.         0.
   0.         0.         0.         2.596338 ]]","[0.84830175 0.84830175 0.84830175 0.84830175 0.84830175 0.84830175
 0.84830175 0.84830175 0.84830175 0.84830175]",[ 0.57673576 11.65362533  2.07258766],[17.39079152  2.13747026  0.6944283 ]
/home/felixwiberg/rirnet/delta_features/database/data/29_d.npy,/home/felixwiberg/rirnet/delta_features/database/data/29_t.npy,"[[13.235158   8.278471   8.278471   0.         0.        20.618227
  20.618227  13.235158  13.235158  13.235158 ]
 [ 3.3430066  3.3430066 19.895014  19.895014   0.         0.
  19.895014  19.895014  19.895014   3.3430066]
 [ 0.         0.         0.         0.         0.         0.
   0.         0.         0.         2.596338 ]]","[0.84830175 0.84830175 0.84830175 0.84830175 0.84830175 0.84830175
 0.84830175 0.84830175 0.84830175 0.84830175]",[ 5.4807374  18.7395718   1.83307337],[17.39079152  2.13747026  0.6944283 ]
/home/felixwiberg/rirnet/delta_features/database/data/30_d.npy,/home/felixwiberg/rirnet/delta_features/database/data/30_t.npy,"[[23.273035  23.273035   5.513779   5.513779   0.         0.
  10.828191  10.828191  10.828191  23.273035 ]
 [ 7.545369  22.511854  22.511854  13.216632  13.216632   0.
   0.         7.545369   7.545369   7.545369 ]
 [ 0.         0.         0.         0.         0.         0.
   0.         0.         0.         2.6811936]]","[0.68633041 0.68633041 0.68633041 0.68633041 0.68633041 0.68633041
 0.68633041 0.68633041 0.68633041 0.68633041]",[19.35450023 11.37343243  1.76710308],[12.86617514 21.3972132   1.94847561]
/home/felixwiberg/rirnet/delta_features/database/data/31_d.npy,/home/felixwiberg/rirnet/delta_features/database/data/31_t.npy,"[[23.273035  23.273035   5.513779   5.513779   0.         0.
  10.828191  10.828191  10.828191  23.273035 ]
 [ 7.545369  22.511854  22.511854  13.216632  13.216632   0.
   0.         7.545369   7.545369   7.545369 ]
 [ 0.         0.         0.         0.         0.         0.
   0.         0.         0.         2.6811936]]","[0.68633041 0.68633041 0.68633041 0.68633041 0.68633041 0.68633041
 0.68633041 0.68633041 0.68633041 0.68633041]",[1.83318905 6.34251977 1.46568829],[12.86617514 21.3972132   1.94847561]
/home/felixwiberg/rirnet/delta_features/database/data/32_d.npy,/home/felixwiberg/rirnet/delta_features/database/data/32_t.npy,"[[23.273035  23.273035   5.513779   5.513779   0.         0.
  10.828191  10.828191  10.828191  23.273035 ]
 [ 7.545369  22.511854  22.511854  13.216632  13.216632   0.
   0.         7.545369   7.545369   7.545369 ]
 [ 0.         0.         0.         0.         0.         0.
   0.         0.         0.         2.6811936]]","[0.68633041 0.68633041 0.68633041 0.68633041 0.68633041 0.68633041
 0.68633041 0.68633041 0.68633041 0.68633041]",[13.62000757 12.36535791  1.87048762],[12.86617514 21.3972132   1.94847561]
/home/felixwiberg/rirnet/delta_features/database/data/33_d.npy,/home/felixwiberg/rirnet/delta_features/database/data/33_t.npy,"[[23.273035  23.273035   5.513779   5.513779   0.         0.
  10.828191  10.828191  10.828191  23.273035 ]
 [ 7.545369  22.511854  22.511854  13.216632  13.216632   0.
   0.         7.545369   7.545369   7.545369 ]
 [ 0.         0.         0.         0.         0.         0.
   0.         0.         0.         2.6811936]]","[0.68633041 0.68633041 0.68633041 0.68633041 0.68633041 0.68633041
 0.68633041 0.68633041 0.68633041 0.68633041]",[13.200423   12.09706153  1.40669708],[12.86617514 21.3972132   1.94847561]
/home/felixwiberg/rirnet/delta_features/database/data/34_d.npy,/home/felixwiberg/rirnet/delta_features/database/data/34_t.npy,"[[23.273035  23.273035   5.513779   5.513779   0.         0.
  10.828191  10.828191  10.828191  23.273035 ]
 [ 7.545369  22.511854  22.511854  13.216632  13.216632   0.
   0.         7.545369   7.545369   7.545369 ]
 [ 0.         0.         0.         0.         0.         0.
   0.         0.         0.         2.6811936]]","[0.68633041 0.68633041 0.68633041 0.68633041 0.68633041 0.68633041
 0.68633041 0.68633041 0.68633041 0.68633041]",[ 6.89072348 16.66832245  1.18816917],[12.86617514 21.3972132   1.94847561]
/home/felixwiberg/rirnet/delta_features/database/data/35_d.npy,/home/felixwiberg/rirnet/delta_features/database/data/35_t.npy,"[[23.273035  23.273035   5.513779   5.513779   0.         0.
  10.828191  10.828191  10.828191  23.273035 ]
 [ 7.545369  22.511854  22.511854  13.216632  13.216632   0.
   0.         7.545369   7.545369   7.545369 ]
 [ 0.         0.         0.         0.         0.         0.
   0.         0.         0.         2.6811936]]","[0.68633041 0.68633041 0.68633041 0.68633041 0.68633041 0.68633041
 0.68633041 0.68633041 0.68633041 0.68633041]",[20.62403002 14.3053878   1.36068035],[12.86617514 21.3972132   1.94847561]
/home/felixwiberg/rirnet/delta_features/database/data/36_d.npy,/home/felixwiberg/rirnet/delta_features/database/data/36_t.npy,"[[23.273035  23.273035   5.513779   5.513779   0.         0.
  10.828191  10.828191  10.828191  23.273035 ]
 [ 7.545369  22.511854  22.511854  13.216632  13.216632   0.
   0.         7.545369   7.545369   7.545369 ]
 [ 0.         0.         0.         0.         0.         0.
   0.         0.         0.         2.6811936]]","[0.68633041 0.68633041 0.68633041 0.68633041 0.68633041 0.68633041
 0.68633041 0.68633041 0.68633041 0.68633041]",[12.90082163 10.92515967  1.2806769 ],[12.86617514 21.3972132   1.94847561]
/home/felixwiberg/rirnet/delta_features/database/data/37_d.npy,/home/felixwiberg/rirnet/delta_features/database/data/37_t.npy,"[[23.273035  23.273035   5.513779   5.513779   0.         0.
  10.828191  10.828191  10.828191  23.273035 ]
 [ 7.545369  22.511854  22.511854  13.216632  13.216632   0.
   0.         7.545369   7.545369   7.545369 ]
 [ 0.         0.         0.         0.         0.         0.
   0.         0.         0.         2.6811936]]","[0.68633041 0.68633041 0.68633041 0.68633041 0.68633041 0.68633041
 0.68633041 0.68633041 0.68633041 0.68633041]",[ 8.84638958 12.5479997   1.00890612],[12.86617514 21.3972132   1.94847561]
/home/felixwiberg/rirnet/delta_features/database/data/38_d.npy,/home/felixwiberg/rirnet/delta_features/database/data/38_t.npy,"[[23.273035  23.273035   5.513779   5.513779   0.         0.
  10.828191  10.828191  10.828191  23.273035 ]
 [ 7.545369  22.511854  22.511854  13.216632  13.216632   0.
   0.         7.545369   7.545369   7.545369 ]
 [ 0.         0.         0.         0.         0.         0.
   0.         0.         0.         2.6811936]]","[0.68633041 0.68633041 0.68633041 0.68633041 0.68633041 0.68633041
 0.68633041 0.68633041 0.68633041 0.68633041]",[8.11335879 8.98078049 1.10646418],[12.86617514 21.3972132   1.94847561]
/home/felixwiberg/rirnet/delta_features/database/data/39_d.npy,/home/felixwiberg/rirnet/delta_features/database/data/39_t.npy,"[[23.273035  23.273035   5.513779   5.513779   0.         0.
  10.828191  10.828191  10.828191  23.273035 ]
 [ 7.545369  22.511854  22.511854  13.216632  13.216632   0.
   0.         7.545369   7.545369   7.545369 ]
 [ 0.         0.         0.         0.         0.         0.
   0.         0.         0.         2.6811936]]","[0.68633041 0.68633041 0.68633041 0.68633041 0.68633041 0.68633041
 0.68633041 0.68633041 0.68633041 0.68633041]",[1.56687182 8.90018466 1.20934295],[12.86617514 21.3972132   1.94847561]
/home/felixwiberg/rirnet/delta_features/database/data/40_d.npy,/home/felixwiberg/rirnet/delta_features/database/data/40_t.npy,"[[11.38583    8.151128   8.151128   0.         0.        11.747336
  11.747336  11.38583   11.38583   11.38583  ]
 [ 8.889911   8.889911  14.330223  14.330223   0.         0.
  14.330223  14.330223  14.330223   8.889911 ]
 [ 0.         0.         0.         0.         0.         0.
   0.         0.         0.         2.6417284]]","[0.61993033 0.61993033 0.61993033 0.61993033 0.61993033 0.61993033
 0.61993033 0.61993033 0.61993033 0.61993033]",[6.59536126 6.35545056 1.06857193],[6.07468217 6.46112261 0.91602836]
/home/felixwiberg/rirnet/delta_features/database/data/41_d.npy,/home/felixwiberg/rirnet/delta_features/database/data/41_t.npy,"[[11.38583    8.151128   8.151128   0.         0.        11.747336
  11.747336  11.38583   11.38583   11.38583  ]
 [ 8.889911   8.889911  14.330223  14.330223   0.         0.
  14.330223  14.330223  14.330223   8.889911 ]
 [ 0.         0.         0.         0.         0.         0.
   0.         0.         0.         2.6417284]]","[0.61993033 0.61993033 0.61993033 0.61993033 0.61993033 0.61993033
 0.61993033 0.61993033 0.61993033 0.61993033]",[5.45051202 7.43655452 1.85099396],[6.07468217 6.46112261 0.91602836]
/home/felixwiberg/rirnet/delta_features/database/data/42_d.npy,/home/felixwiberg/rirnet/delta_features/database/data/42_t.npy,"[[11.38583    8.151128   8.151128   0.         0.        11.747336
  11.747336  11.38583   11.38583   11.38583  ]
 [ 8.889911   8.889911  14.330223  14.330223   0.         0.
  14.330223  14.330223  14.330223   8.889911 ]
 [ 0.         0.         0.         0.         0.         0.
   0.         0.         0.         2.6417284]]","[0.61993033 0.61993033 0.61993033 0.61993033 0.61993033 0.61993033
 0.61993033 0.61993033 0.61993033 0.61993033]",[3.53489204 4.18536677 1.66686956],[6.07468217 6.46112261 0.91602836]
/home/felixwiberg/rirnet/delta_features/database/data/43_d.npy,/home/felixwiberg/rirnet/delta_features/database/data/43_t.npy,"[[11.38583    8.151128   8.151128   0.         0.        11.747336
  11.747336  11.38583   11.38583   11.38583  ]
 [ 8.889911   8.889911  14.330223  14.330223   0.         0.
  14.330223  14.330223  14.330223   8.889911 ]
 [ 0.         0.         0.         0.         0.         0.
   0.         0.         0.         2.6417284]]","[0.61993033 0.61993033 0.61993033 0.61993033 0.61993033 0.61993033
 0.61993033 0.61993033 0.61993033 0.61993033]",[3.30834376 3.20377996 1.31621855],[6.07468217 6.46112261 0.91602836]
/home/felixwiberg/rirnet/delta_features/database/data/44_d.npy,/home/felixwiberg/rirnet/delta_features/database/data/44_t.npy,"[[11.38583    8.151128   8.151128   0.         0.        11.747336
  11.747336  11.38583   11.38583   11.38583  ]
 [ 8.889911   8.889911  14.330223  14.330223   0.         0.
  14.330223  14.330223  14.330223   8.889911 ]
 [ 0.         0.         0.         0.         0.         0.
   0.         0.         0.         2.6417284]]","[0.61993033 0.61993033 0.61993033 0.61993033 0.61993033 0.61993033
 0.61993033 0.61993033 0.61993033 0.61993033]",[4.2297234  3.91132214 0.96816731],[6.07468217 6.46112261 0.91602836]
/home/felixwiberg/rirnet/delta_features/database/data/45_d.npy,/home/felixwiberg/rirnet/delta_features/database/data/45_t.npy,"[[11.38583    8.151128   8.151128   0.         0.        11.747336
  11.747336  11.38583   11.38583   11.38583  ]
 [ 8.889911   8.889911  14.330223  14.330223   0.         0.
  14.330223  14.330223  14.330223   8.889911 ]
 [ 0.         0.         0.         0.         0.         0.
   0.         0.         0.         2.6417284]]","[0.61993033 0.61993033 0.61993033 0.61993033 0.61993033 0.61993033
 0.61993033 0.61993033 0.61993033 0.61993033]",[7.59511672 7.19686376 0.5552538 ],[6.07468217 6.46112261 0.91602836]
/home/felixwiberg/rirnet/delta_features/database/data/46_d.npy,/home/felixwiberg/rirnet/delta_features/database/data/46_t.npy,"[[11.38583    8.151128   8.151128   0.         0.        11.747336
  11.747336  11.38583   11.38583   11.38583  ]
 [ 8.889911   8.889911  14.330223  14.330223   0.         0.
  14.330223  14.330223  14.330223   8.889911 ]
 [ 0.         0.         0.         0.         0.         0.
   0.         0.         0.         2.6417284]]","[0.61993033 0.61993033 0.61993033 0.61993033 0.61993033 0.61993033
 0.61993033 0.61993033 0.61993033 0.61993033]",[0.53219532 8.30942537 1.04997321],[6.07468217 6.46112261 0.91602836]
/home/felixwiberg/rirnet/delta_features/database/data/47_d.npy,/home/felixwiberg/rirnet/delta_features/database/data/47_t.npy,"[[11.38583    8.151128   8.151128   0.         0.        11.747336
  11.747336  11.38583   11.38583   11.38583  ]
 [ 8.889911   8.889911  14.330223  14.330223   0.         0.
  14.330223  14.330223  14.330223   8.889911 ]
 [ 0.         0.         0.         0.         0.         0.
   0.         0.         0.         2.6417284]]","[0.61993033 0.61993033 0.61993033 0.61993033 0.61993033 0.61993033
 0.61993033 0.61993033 0.61993033 0.61993033]",[7.76610127 3.73677703 1.33804291],[6.07468217 6.46112261 0.91602836]
/home/felixwiberg/rirnet/delta_features/database/data/48_d.npy,/home/felixwiberg/rirnet/delta_features/database/data/48_t.npy,"[[11.38583    8.151128   8.151128   0.         0.        11.747336
  11.747336  11.38583   11.38583   11.38583  ]
 [ 8.889911   8.889911  14.330223  14.330223   0.         0.
  14.330223  14.330223  14.330223   8.889911 ]
 [ 0.         0.         0.         0.         0.         0.
   0.         0.         0.         2.6417284]]","[0.61993033 0.61993033 0.61993033 0.61993033 0.61993033 0.61993033
 0.61993033 0.61993033 0.61993033 0.61993033]",[10.5679322   6.36327704  1.35165813],[6.07468217 6.46112261 0.91602836]
/home/felixwiberg/rirnet/delta_features/database/data/49_d.npy,/home/felixwiberg/rirnet/delta_features/database/data/49_t.npy,"[[11.38583    8.151128   8.151128   0.         0.        11.747336
  11.747336  11.38583   11.38583   11.38583  ]
 [ 8.889911   8.889911  14.330223  14.330223   0.         0.
  14.330223  14.330223  14.330223   8.889911 ]
 [ 0.         0.         0.         0.         0.         0.
   0.         0.         0.         2.6417284]]","[0.61993033 0.61993033 0.61993033 0.61993033 0.61993033 0.61993033
 0.61993033 0.61993033 0.61993033 0.61993033]",[5.22470823 1.83393399 0.53345045],[6.07468217 6.46112261 0.91602836]
/home/felixwiberg/rirnet/delta_features/database/data/50_d.npy,/home/felixwiberg/rirnet/delta_features/database/data/50_t.npy,"[[15.122929  12.948701  12.948701   0.         0.        18.31932
  18.31932   15.122929  15.122929  15.122929 ]
 [ 8.715297   8.715297  20.785168  20.785168   0.         0.
  20.785168  20.785168  20.785168   8.715297 ]
 [ 0.         0.         0.         0.         0.         0.
   0.         0.         0.         3.0106719]]","[0.12016888 0.12016888 0.12016888 0.12016888 0.12016888 0.12016888
 0.12016888 0.12016888 0.12016888 0.12016888]",[16.43740279  2.09291052  0.81193466],[ 5.32184637 18.44108355  1.10417443]
/home/felixwiberg/rirnet/delta_features/database/data/51_d.npy,/home/felixwiberg/rirnet/delta_features/database/data/51_t.npy,"[[15.122929  12.948701  12.948701   0.         0.        18.31932
  18.31932   15.122929  15.122929  15.122929 ]
 [ 8.715297   8.715297  20.785168  20.785168   0.         0.
  20.785168  20.785168  20.785168   8.715297 ]
 [ 0.         0.         0.         0.         0.         0.
   0.         0.         0.         3.0106719]]","[0.12016888 0.12016888 0.12016888 0.12016888 0.12016888 0.12016888
 0.12016888 0.12016888 0.12016888 0.12016888]",[16.18519428  5.08139512  1.0384321 ],[ 5.32184637 18.44108355  1.10417443]
/home/felixwiberg/rirnet/delta_features/database/data/52_d.npy,/home/felixwiberg/rirnet/delta_features/database/data/52_t.npy,"[[15.122929  12.948701  12.948701   0.         0.        18.31932
  18.31932   15.122929  15.122929  15.122929 ]
 [ 8.715297   8.715297  20.785168  20.785168   0.         0.
  20.785168  20.785168  20.785168   8.715297 ]
 [ 0.         0.         0.         0.         0.         0.
   0.         0.         0.         3.0106719]]","[0.12016888 0.12016888 0.12016888 0.12016888 0.12016888 0.12016888
 0.12016888 0.12016888 0.12016888 0.12016888]",[16.221103    6.69485136  1.64074495],[ 5.32184637 18.44108355  1.10417443]
/home/felixwiberg/rirnet/delta_features/database/data/53_d.npy,/home/felixwiberg/rirnet/delta_features/database/data/53_t.npy,"[[15.122929  12.948701  12.948701   0.         0.        18.31932
  18.31932   15.122929  15.122929  15.122929 ]
 [ 8.715297   8.715297  20.785168  20.785168   0.         0.
  20.785168  20.785168  20.785168   8.715297 ]
 [ 0.         0.         0.         0.         0.         0.
   0.         0.         0.         3.0106719]]","[0.12016888 0.12016888 0.12016888 0.12016888 0.12016888 0.12016888
 0.12016888 0.12016888 0.12016888 0.12016888]",[15.72598094 11.06789521  1.70404489],[ 5.32184637 18.44108355  1.10417443]
/home/felixwiberg/rirnet/delta_features/database/data/54_d.npy,/home/felixwiberg/rirnet/delta_features/database/data/54_t.npy,"[[15.122929  12.948701  12.948701   0.         0.        18.31932
  18.31932   15.122929  15.122929  15.122929 ]
 [ 8.715297   8.715297  20.785168  20.785168   0.         0.
  20.785168  20.785168  20.785168   8.715297 ]
 [ 0.         0.         0.         0.         0.         0.
   0.         0.         0.         3.0106719]]","[0.12016888 0.12016888 0.12016888 0.12016888 0.12016888 0.12016888
 0.12016888 0.12016888 0.12016888 0.12016888]",[12.0457511   3.41212343  1.34795752],[ 5.32184637 18.44108355  1.10417443]
/home/felixwiberg/rirnet/delta_features/database/data/55_d.npy,/home/felixwiberg/rirnet/delta_features/database/data/55_t.npy,"[[15.122929  12.948701  12.948701   0.         0.        18.31932
  18.31932   15.122929  15.122929  15.122929 ]
 [ 8.715297   8.715297  20.785168  20.785168   0.         0.
  20.785168  20.785168  20.785168   8.715297 ]
 [ 0.         0.         0.         0.         0.         0.
   0.         0.         0.         3.0106719]]","[0.12016888 0.12016888 0.12016888 0.12016888 0.12016888 0.12016888
 0.12016888 0.12016888 0.12016888 0.12016888]",[ 3.86692331 16.42350735  1.41846962],[ 5.32184637 18.44108355  1.10417443]
/home/felixwiberg/rirnet/delta_features/database/data/56_d.npy,/home/felixwiberg/rirnet/delta_features/database/data/56_t.npy,"[[15.122929  12.948701  12.948701   0.         0.        18.31932
  18.31932   15.122929  15.122929  15.122929 ]
 [ 8.715297   8.715297  20.785168  20.785168   0.         0.
  20.785168  20.785168  20.785168   8.715297 ]
 [ 0.         0.         0.         0.         0.         0.
   0.         0.         0.         3.0106719]]","[0.12016888 0.12016888 0.12016888 0.12016888 0.12016888 0.12016888
 0.12016888 0.12016888 0.12016888 0.12016888]",[16.40392151 12.72803343  2.46508854],[ 5.32184637 18.44108355  1.10417443]
/home/felixwiberg/rirnet/delta_features/database/data/57_d.npy,/home/felixwiberg/rirnet/delta_features/database/data/57_t.npy,"[[15.122929  12.948701  12.948701   0.         0.        18.31932
  18.31932   15.122929  15.122929  15.122929 ]
 [ 8.715297   8.715297  20.785168  20.785168   0.         0.
  20.785168  20.785168  20.785168   8.715297 ]
 [ 0.         0.         0.         0.         0.         0.
   0.         0.         0.         3.0106719]]","[0.12016888 0.12016888 0.12016888 0.12016888 0.12016888 0.12016888
 0.12016888 0.12016888 0.12016888 0.12016888]",[16.3068593  14.46231097  1.43386826],[ 5.32184637 18.44108355  1.10417443]
/home/felixwiberg/rirnet/delta_features/database/data/58_d.npy,/home/felixwiberg/rirnet/delta_features/database/data/58_t.npy,"[[15.122929  12.948701  12.948701   0.         0.        18.31932
  18.31932   15.122929  15.122929  15.122929 ]
 [ 8.715297   8.715297  20.785168  20.785168   0.         0.
  20.785168  20.785168  20.785168   8.715297 ]
 [ 0.         0.         0.         0.         0.         0.
   0.         0.         0.         3.0106719]]","[0.12016888 0.12016888 0.12016888 0.12016888 0.12016888 0.12016888
 0.12016888 0.12016888 0.12016888 0.12016888]",[ 4.39073887 13.57449721  1.06924158],[ 5.32184637 18.44108355  1.10417443]
/home/felixwiberg/rirnet/delta_features/database/data/59_d.npy,/home/felixwiberg/rirnet/delta_features/database/data/59_t.npy,"[[15.122929  12.948701  12.948701   0.         0.        18.31932
  18.31932   15.122929  15.122929  15.122929 ]
 [ 8.715297   8.715297  20.785168  20.785168   0.         0.
  20.785168  20.785168  20.785168   8.715297 ]
 [ 0.         0.         0.         0.         0.         0.
   0.         0.         0.         3.0106719]]","[0.12016888 0.12016888 0.12016888 0.12016888 0.12016888 0.12016888
 0.12016888 0.12016888 0.12016888 0.12016888]",[10.88896978  9.75767105  2.0282453 ],[ 5.32184637 18.44108355  1.10417443]
/home/felixwiberg/rirnet/delta_features/database/data/60_d.npy,/home/felixwiberg/rirnet/delta_features/database/data/60_t.npy,"[[15.660589   8.57259    8.57259    0.         0.        23.979925
  23.979925  15.660589  15.660589  15.660589 ]
 [ 3.6189785  3.6189785 18.316168  18.316168   0.         0.
  18.316168  18.316168  18.316168   3.6189785]
 [ 0.         0.         0.         0.         0.         0.
   0.         0.         0.         2.4645512]]","[0.30880533 0.30880533 0.30880533 0.30880533 0.30880533 0.30880533
 0.30880533 0.30880533 0.30880533 0.30880533]",[ 4.15994581 11.74946616  1.62867818],[17.27814058 11.60738634  1.46103356]
/home/felixwiberg/rirnet/delta_features/database/data/61_d.npy,/home/felixwiberg/rirnet/delta_features/database/data/61_t.npy,"[[15.660589   8.57259    8.57259    0.         0.        23.979925
  23.979925  15.660589  15.660589  15.660589 ]
 [ 3.6189785  3.6189785 18.316168  18.316168   0.         0.
  18.316168  18.316168  18.316168   3.6189785]
 [ 0.         0.         0.         0.         0.         0.
   0.         0.         0.         2.4645512]]","[0.30880533 0.30880533 0.30880533 0.30880533 0.30880533 0.30880533
 0.30880533 0.30880533 0.30880533 0.30880533]",[2.88124119 2.84054337 1.75513755],[17.27814058 11.60738634  1.46103356]
/home/felixwiberg/rirnet/delta_features/database/data/62_d.npy,/home/felixwiberg/rirnet/delta_features/database/data/62_t.npy,"[[15.660589   8.57259    8.57259    0.         0.        23.979925
  23.979925  15.660589  15.660589  15.660589 ]
 [ 3.6189785  3.6189785 18.316168  18.316168   0.         0.
  18.316168  18.316168  18.316168   3.6189785]
 [ 0.         0.         0.         0.         0.         0.
   0.         0.         0.         2.4645512]]","[0.30880533 0.30880533 0.30880533 0.30880533 0.30880533 0.30880533
 0.30880533 0.30880533 0.30880533 0.30880533]",[13.06409361  2.53095699  1.38482917],[17.27814058 11.60738634  1.46103356]
/home/felixwiberg/rirnet/delta_features/database/data/63_d.npy,/home/felixwiberg/rirnet/delta_features/database/data/63_t.npy,"[[15.660589   8.57259    8.57259    0.         0.        23.979925
  23.979925  15.660589  15.660589  15.660589 ]
 [ 3.6189785  3.6189785 18.316168  18.316168   0.         0.
  18.316168  18.316168  18.316168   3.6189785]
 [ 0.         0.         0.         0.         0.         0.
   0.         0.         0.         2.4645512]]","[0.30880533 0.30880533 0.30880533 0.30880533 0.30880533 0.30880533
 0.30880533 0.30880533 0.30880533 0.30880533]",[ 5.42793845 14.74039532  1.71091631],[17.27814058 11.60738634  1.46103356]
/home/felixwiberg/rirnet/delta_features/database/data/64_d.npy,/home/felixwiberg/rirnet/delta_features/database/data/64_t.npy,"[[15.660589   8.57259    8.57259    0.         0.        23.979925
  23.979925  15.660589  15.660589  15.660589 ]
 [ 3.6189785  3.6189785 18.316168  18.316168   0.         0.
  18.316168  18.316168  18.316168   3.6189785]
 [ 0.         0.         0.         0.         0.         0.
   0.         0.         0.         2.4645512]]","[0.30880533 0.30880533 0.30880533 0.30880533 0.30880533 0.30880533
 0.30880533 0.30880533 0.30880533 0.30880533]",[ 2.05492666 14.46501855  1.73775482],[17.27814058 11.60738634  1.46103356]
/home/felixwiberg/rirnet/delta_features/database/data/65_d.npy,/home/felixwiberg/rirnet/delta_features/database/data/65_t.npy,"[[15.660589   8.57259    8.57259    0.         0.        23.979925
  23.979925  15.660589  15.660589  15.660589 ]
 [ 3.6189785  3.6189785 18.316168  18.316168   0.         0.
  18.316168  18.316168  18.316168   3.6189785]
 [ 0.         0.         0.         0.         0.         0.
   0.         0.         0.         2.4645512]]","[0.30880533 0.30880533 0.30880533 0.30880533 0.30880533 0.30880533
 0.30880533 0.30880533 0.30880533 0.30880533]",[16.22725785  4.52135956  1.48479537],[17.27814058 11.60738634  1.46103356]
/home/felixwiberg/rirnet/delta_features/database/data/66_d.npy,/home/felixwiberg/rirnet/delta_features/database/data/66_t.npy,"[[15.660589   8.57259    8.57259    0.         0.        23.979925
  23.979925  15.660589  15.660589  15.660589 ]
 [ 3.6189785  3.6189785 18.316168  18.316168   0.         0.
  18.316168  18.316168  18.316168   3.6189785]
 [ 0.         0.         0.         0.         0.         0.
   0.         0.         0.         2.4645512]]","[0.30880533 0.30880533 0.30880533 0.30880533 0.30880533 0.30880533
 0.30880533 0.30880533 0.30880533 0.30880533]",[9.56445773 2.91488755 1.90968622],[17.27814058 11.60738634  1.46103356]
/home/felixwiberg/rirnet/delta_features/database/data/67_d.npy,/home/felixwiberg/rirnet/delta_features/database/data/67_t.npy,"[[15.660589   8.57259    8.57259    0.         0.        23.979925
  23.979925  15.660589  15.660589  15.660589 ]
 [ 3.6189785  3.6189785 18.316168  18.316168   0.         0.
  18.316168  18.316168  18.316168   3.6189785]
 [ 0.         0.         0.         0.         0.         0.
   0.         0.         0.         2.4645512]]","[0.30880533 0.30880533 0.30880533 0.30880533 0.30880533 0.30880533
 0.30880533 0.30880533 0.30880533 0.30880533]",[1.03892013 3.93723788 0.67542218],[17.27814058 11.60738634  1.46103356]
/home/felixwiberg/rirnet/delta_features/database/data/68_d.npy,/home/felixwiberg/rirnet/delta_features/database/data/68_t.npy,"[[15.660589   8.57259    8.57259    0.         0.        23.979925
  23.979925  15.660589  15.660589  15.660589 ]
 [ 3.6189785  3.6189785 18.316168  18.316168   0.         0.
  18.316168  18.316168  18.316168   3.6189785]
 [ 0.         0.         0.         0.         0.         0.
   0.         0.         0.         2.4645512]]","[0.30880533 0.30880533 0.30880533 0.30880533 0.30880533 0.30880533
 0.30880533 0.30880533 0.30880533 0.30880533]",[13.92808973  0.70631354  0.9860231 ],[17.27814058 11.60738634  1.46103356]
/home/felixwiberg/rirnet/delta_features/database/data/69_d.npy,/home/felixwiberg/rirnet/delta_features/database/data/69_t.npy,"[[15.660589   8.57259    8.57259    0.         0.        23.979925
  23.979925  15.660589  15.660589  15.660589 ]
 [ 3.6189785  3.6189785 18.316168  18.316168   0.         0.
  18.316168  18.316168  18.316168   3.6189785]
 [ 0.         0.         0.         0.         0.         0.
   0.         0.         0.         2.4645512]]","[0.30880533 0.30880533 0.30880533 0.30880533 0.30880533 0.30880533
 0.30880533 0.30880533 0.30880533 0.30880533]",[23.43710963  9.0354922   1.79381236],[17.27814058 11.60738634  1.46103356]
/home/felixwiberg/rirnet/delta_features/database/data/70_d.npy,/home/felixwiberg/rirnet/delta_features/database/data/70_t.npy,"[[16.82379   10.1375265 10.1375265  0.         0.        22.51452
  22.51452   16.82379   16.82379   16.82379  ]
 [ 6.470827   6.470827  13.317919  13.317919   0.         0.
  13.317919  13.317919  13.317919   6.470827 ]
 [ 0.         0.         0.         0.         0.         0.
   0.         0.         0.         2.3941984]]","[0.4084169 0.4084169 0.4084169 0.4084169 0.4084169 0.4084169 0.4084169
 0.4084169 0.4084169 0.4084169]",[5.27654922 5.81835478 1.6809934 ],[21.6802203   1.86992102  0.74838204]
/home/felixwiberg/rirnet/delta_features/database/data/71_d.npy,/home/felixwiberg/rirnet/delta_features/database/data/71_t.npy,"[[16.82379   10.1375265 10.1375265  0.         0.        22.51452
  22.51452   16.82379   16.82379   16.82379  ]
 [ 6.470827   6.470827  13.317919  13.317919   0.         0.
  13.317919  13.317919  13.317919   6.470827 ]
 [ 0.         0.         0.         0.         0.         0.
   0.         0.         0.         2.3941984]]","[0.4084169 0.4084169 0.4084169 0.4084169 0.4084169 0.4084169 0.4084169
 0.4084169 0.4084169 0.4084169]",[6.47788512 2.98498956 0.76922951],[21.6802203   1.86992102  0.74838204]
/home/felixwiberg/rirnet/delta_features/database/data/72_d.npy,/home/felixwiberg/rirnet/delta_features/database/data/72_t.npy,"[[16.82379   10.1375265 10.1375265  0.         0.        22.51452
  22.51452   16.82379   16.82379   16.82379  ]
 [ 6.470827   6.470827  13.317919  13.317919   0.         0.
  13.317919  13.317919  13.317919   6.470827 ]
 [ 0.         0.         0.         0.         0.         0.
   0.         0.         0.         2.3941984]]","[0.4084169 0.4084169 0.4084169 0.4084169 0.4084169 0.4084169 0.4084169
 0.4084169 0.4084169 0.4084169]",[1.66803586 5.28462768 1.29838258],[21.6802203   1.86992102  0.74838204]
/home/felixwiberg/rirnet/delta_features/database/data/73_d.npy,/home/felixwiberg/rirnet/delta_features/database/data/73_t.npy,"[[16.82379   10.1375265 10.1375265  0.         0.        22.51452
  22.51452   16.82379   16.82379   16.82379  ]
 [ 6.470827   6.470827  13.317919  13.317919   0.         0.
  13.317919  13.317919  13.317919   6.470827 ]
 [ 0.         0.         0.         0.         0.         0.
   0.         0.         0.         2.3941984]]","[0.4084169 0.4084169 0.4084169 0.4084169 0.4084169 0.4084169 0.4084169
 0.4084169 0.4084169 0.4084169]",[13.37795901  5.8522174   1.6821812 ],[21.6802203   1.86992102  0.74838204]
/home/felixwiberg/rirnet/delta_features/database/data/74_d.npy,/home/felixwiberg/rirnet/delta_features/database/data/74_t.npy,"[[16.82379   10.1375265 10.1375265  0.         0.        22.51452
  22.51452   16.82379   16.82379   16.82379  ]
 [ 6.470827   6.470827  13.317919  13.317919   0.         0.
  13.317919  13.317919  13.317919   6.470827 ]
 [ 0.         0.         0.         0.         0.         0.
   0.         0.         0.         2.3941984]]","[0.4084169 0.4084169 0.4084169 0.4084169 0.4084169 0.4084169 0.4084169
 0.4084169 0.4084169 0.4084169]",[21.12813773  0.57973349  1.04496041],[21.6802203   1.86992102  0.74838204]
/home/felixwiberg/rirnet/delta_features/database/data/75_d.npy,/home/felixwiberg/rirnet/delta_features/database/data/75_t.npy,"[[16.82379   10.1375265 10.1375265  0.         0.        22.51452
  22.51452   16.82379   16.82379   16.82379  ]
 [ 6.470827   6.470827  13.317919  13.317919   0.         0.
  13.317919  13.317919  13.317919   6.470827 ]
 [ 0.         0.         0.         0.         0.         0.
   0.         0.         0.         2.3941984]]","[0.4084169 0.4084169 0.4084169 0.4084169 0.4084169 0.4084169 0.4084169
 0.4084169 0.4084169 0.4084169]",[2.30399209 3.80606713 1.32750554],[21.6802203   1.86992102  0.74838204]
/home/felixwiberg/rirnet/delta_features/database/data/76_d.npy,/home/felixwiberg/rirnet/delta_features/database/data/76_t.npy,"[[16.82379   10.1375265 10.1375265  0.         0.        22.51452
  22.51452   16.82379   16.82379   16.82379  ]
 [ 6.470827   6.470827  13.317919  13.317919   0.         0.
  13.317919  13.317919  13.317919   6.470827 ]
 [ 0.         0.         0.         0.         0.         0.
   0.         0.         0.         2.3941984]]","[0.4084169 0.4084169 0.4084169 0.4084169 0.4084169 0.4084169 0.4084169
 0.4084169 0.4084169 0.4084169]",[9.0698337  5.83587351 1.31720689],[21.6802203   1.86992102  0.74838204]
/home/felixwiberg/rirnet/delta_features/database/data/77_d.npy,/home/felixwiberg/rirnet/delta_features/database/data/77_t.npy,"[[16.82379   10.1375265 10.1375265  0.         0.        22.51452
  22.51452   16.82379   16.82379   16.82379  ]
 [ 6.470827   6.470827  13.317919  13.317919   0.         0.
  13.317919  13.317919  13.317919   6.470827 ]
 [ 0.         0.         0.         0.         0.         0.
   0.         0.         0.         2.3941984]]","[0.4084169 0.4084169 0.4084169 0.4084169 0.4084169 0.4084169 0.4084169
 0.4084169 0.4084169 0.4084169]",[8.7887866  4.08577168 1.44093236],[21.6802203   1.86992102  0.74838204]
/home/felixwiberg/rirnet/delta_features/database/data/78_d.npy,/home/felixwiberg/rirnet/delta_features/database/data/78_t.npy,"[[16.82379   10.1375265 10.1375265  0.         0.        22.51452
  22.51452   16.82379   16.82379   16.82379  ]
 [ 6.470827   6.470827  13.317919  13.317919   0.         0.
  13.317919  13.317919  13.317919   6.470827 ]
 [ 0.         0.         0.         0.         0.         0.
   0.         0.         0.         2.3941984]]","[0.4084169 0.4084169 0.4084169 0.4084169 0.4084169 0.4084169 0.4084169
 0.4084169 0.4084169 0.4084169]",[20.57823678  3.30844771  1.08566893],[21.6802203   1.86992102  0.74838204]
/home/felixwiberg/rirnet/delta_features/database/data/79_d.npy,/home/felixwiberg/rirnet/delta_features/database/data/79_t.npy,"[[16.82379   10.1375265 10.1375265  0.         0.        22.51452
  22.51452   16.82379   16.82379   16.82379  ]
 [ 6.470827   6.470827  13.317919  13.317919   0.         0.
  13.317919  13.317919  13.317919   6.470827 ]
 [ 0.         0.         0.         0.         0.         0.
   0.         0.         0.         2.3941984]]","[0.4084169 0.4084169 0.4084169 0.4084169 0.4084169 0.4084169 0.4084169
 0.4084169 0.4084169 0.4084169]",[21.99524309  2.67222346  1.88307431],[21.6802203   1.86992102  0.74838204]
/home/felixwiberg/rirnet/delta_features/database/data/80_d.npy,/home/felixwiberg/rirnet/delta_features/database/data/80_t.npy,"[[12.47876   12.47876    0.         0.        24.65797   24.65797
  24.65797   12.47876  ]
 [ 8.353067  16.555908  16.555908   0.         0.         8.353067
   8.353067   8.353067 ]
 [ 0.         0.         0.         0.         0.         0.
   0.         2.1600988]]","[0.16371201 0.16371201 0.16371201 0.16371201 0.16371201 0.16371201
 0.16371201 0.16371201]",[1.37899629 3.34545015 0.84551818],[3.6346646  3.41952272 1.61046937]
/home/felixwiberg/rirnet/delta_features/database/data/81_d.npy,/home/felixwiberg/rirnet/delta_features/database/data/81_t.npy,"[[12.47876   12.47876    0.         0.        24.65797   24.65797
  24.65797   12.47876  ]
 [ 8.353067  16.555908  16.555908   0.         0.         8.353067
   8.353067   8.353067 ]
 [ 0.         0.         0.         0.         0.         0.
   0.         2.1600988]]","[0.16371201 0.16371201 0.16371201 0.16371201 0.16371201 0.16371201
 0.16371201 0.16371201]",[10.88320498 12.79059121  0.73049234],[3.6346646  3.41952272 1.61046937]
/home/felixwiberg/rirnet/delta_features/database/data/82_d.npy,/home/felixwiberg/rirnet/delta_features/database/data/82_t.npy,"[[12.47876   12.47876    0.         0.        24.65797   24.65797
  24.65797   12.47876  ]
 [ 8.353067  16.555908  16.555908   0.         0.         8.353067
   8.353067   8.353067 ]
 [ 0.         0.         0.         0.         0.         0.
   0.         2.1600988]]","[0.16371201 0.16371201 0.16371201 0.16371201 0.16371201 0.16371201
 0.16371201 0.16371201]",[22.34230617  7.6272528   0.99918488],[3.6346646  3.41952272 1.61046937]
/home/felixwiberg/rirnet/delta_features/database/data/83_d.npy,/home/felixwiberg/rirnet/delta_features/database/data/83_t.npy,"[[12.47876   12.47876    0.         0.        24.65797   24.65797
  24.65797   12.47876  ]
 [ 8.353067  16.555908  16.555908   0.         0.         8.353067
   8.353067   8.353067 ]
 [ 0.         0.         0.         0.         0.         0.
   0.         2.1600988]]","[0.16371201 0.16371201 0.16371201 0.16371201 0.16371201 0.16371201
 0.16371201 0.16371201]",[15.43622451  2.12682847  1.40257228],[3.6346646  3.41952272 1.61046937]
/home/felixwiberg/rirnet/delta_features/database/data/84_d.npy,/home/felixwiberg/rirnet/delta_features/database/data/84_t.npy,"[[12.47876   12.47876    0.         0.        24.65797   24.65797
  24.65797   12.47876  ]
 [ 8.353067  16.555908  16.555908   0.         0.         8.353067
   8.353067   8.353067 ]
 [ 0.         0.         0.         0.         0.         0.
   0.         2.1600988]]","[0.16371201 0.16371201 0.16371201 0.16371201 0.16371201 0.16371201
 0.16371201 0.16371201]",[ 3.28549244 11.78226175  1.62160386],[3.6346646  3.41952272 1.61046937]
/home/felixwiberg/rirnet/delta_features/database/data/85_d.npy,/home/felixwiberg/rirnet/delta_features/database/data/85_t.npy,"[[12.47876   12.47876    0.         0.        24.65797   24.65797
  24.65797   12.47876  ]
 [ 8.353067  16.555908  16.555908   0.         0.         8.353067
   8.353067   8.353067 ]
 [ 0.         0.         0.         0.         0.         0.
   0.         2.1600988]]","[0.16371201 0.16371201 0.16371201 0.16371201 0.16371201 0.16371201
 0.16371201 0.16371201]",[11.10500252  6.76805864  1.32158387],[3.6346646  3.41952272 1.61046937]
/home/felixwiberg/rirnet/delta_features/database/data/86_d.npy,/home/felixwiberg/rirnet/delta_features/database/data/86_t.npy,"[[12.47876   12.47876    0.         0.        24.65797   24.65797
  24.65797   12.47876  ]
 [ 8.353067  16.555908  16.555908   0.         0.         8.353067
   8.353067   8.353067 ]
 [ 0.         0.         0.         0.         0.         0.
   0.         2.1600988]]","[0.16371201 0.16371201 0.16371201 0.16371201 0.16371201 0.16371201
 0.16371201 0.16371201]",[4.16380673 7.42456916 1.66007556],[3.6346646  3.41952272 1.61046937]
/home/felixwiberg/rirnet/delta_features/database/data/87_d.npy,/home/felixwiberg/rirnet/delta_features/database/data/87_t.npy,"[[12.47876   12.47876    0.         0.        24.65797   24.65797
  24.65797   12.47876  ]
 [ 8.353067  16.555908  16.555908   0.         0.         8.353067
   8.353067   8.353067 ]
 [ 0.         0.         0.         0.         0.         0.
   0.         2.1600988]]","[0.16371201 0.16371201 0.16371201 0.16371201 0.16371201 0.16371201
 0.16371201 0.16371201]",[17.29016168  4.28568159  0.94487471],[3.6346646  3.41952272 1.61046937]
/home/felixwiberg/rirnet/delta_features/database/data/88_d.npy,/home/felixwiberg/rirnet/delta_features/database/data/88_t.npy,"[[12.47876   12.47876    0.         0.        24.65797   24.65797
  24.65797   12.47876  ]
 [ 8.353067  16.555908  16.555908   0.         0.         8.353067
   8.353067   8.353067 ]
 [ 0.         0.         0.         0.         0.         0.
   0.         2.1600988]]","[0.16371201 0.16371201 0.16371201 0.16371201 0.16371201 0.16371201
 0.16371201 0.16371201]",[17.84777974  2.29879992  1.06176138],[3.6346646  3.41952272 1.61046937]
/home/felixwiberg/rirnet/delta_features/database/data/89_d.npy,/home/felixwiberg/rirnet/delta_features/database/data/89_t.npy,"[[12.47876   12.47876    0.         0.        24.65797   24.65797
  24.65797   12.47876  ]
 [ 8.353067  16.555908  16.555908   0.         0.         8.353067
   8.353067   8.353067 ]
 [ 0.         0.         0.         0.         0.         0.
   0.         2.1600988]]","[0.16371201 0.16371201 0.16371201 0.16371201 0.16371201 0.16371201
 0.16371201 0.16371201]",[11.78721033 13.73403813  0.9283931 ],[3.6346646  3.41952272 1.61046937]
/home/felixwiberg/rirnet/delta_features/database/data/90_d.npy,/home/felixwiberg/rirnet/delta_features/database/data/90_t.npy,"[[ 8.188878   8.188878   0.         0.        12.095493  12.095493
  12.095493   8.188878 ]
 [14.522488  21.471123  21.471123   0.         0.        14.522488
  14.522488  14.522488 ]
 [ 0.         0.         0.         0.         0.         0.
   0.         2.4944427]]","[0.23405872 0.23405872 0.23405872 0.23405872 0.23405872 0.23405872
 0.23405872 0.23405872]",[ 4.29301986 13.21029862  1.7720313 ],[ 2.22352057 10.88565645  0.98655901]
/home/felixwiberg/rirnet/delta_features/database/data/91_d.npy,/home/felixwiberg/rirnet/delta_features/database/data/91_t.npy,"[[ 8.188878   8.188878   0.         0.        12.095493  12.095493
  12.095493   8.188878 ]
 [14.522488  21.471123  21.471123   0.         0.        14.522488
  14.522488  14.522488 ]
 [ 0.         0.         0.         0.         0.         0.
   0.         2.4944427]]","[0.23405872 0.23405872 0.23405872 0.23405872 0.23405872 0.23405872
 0.23405872 0.23405872]",[ 3.41465473 17.41634925  1.69594899],[ 2.22352057 10.88565645  0.98655901]
/home/felixwiberg/rirnet/delta_features/database/data/92_d.npy,/home/felixwiberg/rirnet/delta_features/database/data/92_t.npy,"[[ 8.188878   8.188878   0.         0.        12.095493  12.095493
  12.095493   8.188878 ]
 [14.522488  21.471123  21.471123   0.         0.        14.522488
  14.522488  14.522488 ]
 [ 0.         0.         0.         0.         0.         0.
   0.         2.4944427]]","[0.23405872 0.23405872 0.23405872 0.23405872 0.23405872 0.23405872
 0.23405872 0.23405872]",[ 6.50779036 17.91094948  1.90694634],[ 2.22352057 10.88565645  0.98655901]
/home/felixwiberg/rirnet/delta_features/database/data/93_d.npy,/home/felixwiberg/rirnet/delta_features/database/data/93_t.npy,"[[ 8.188878   8.188878   0.         0.        12.095493  12.095493
  12.095493   8.188878 ]
 [14.522488  21.471123  21.471123   0.         0.        14.522488
  14.522488  14.522488 ]
 [ 0.         0.         0.         0.         0.         0.
   0.         2.4944427]]","[0.23405872 0.23405872 0.23405872 0.23405872 0.23405872 0.23405872
 0.23405872 0.23405872]",[7.54617663 2.34487525 1.68962567],[ 2.22352057 10.88565645  0.98655901]
/home/felixwiberg/rirnet/delta_features/database/data/94_d.npy,/home/felixwiberg/rirnet/delta_features/database/data/94_t.npy,"[[ 8.188878   8.188878   0.         0.        12.095493  12.095493
  12.095493   8.188878 ]
 [14.522488  21.471123  21.471123   0.         0.        14.522488
  14.522488  14.522488 ]
 [ 0.         0.         0.         0.         0.         0.
   0.         2.4944427]]","[0.23405872 0.23405872 0.23405872 0.23405872 0.23405872 0.23405872
 0.23405872 0.23405872]",[7.33465174 6.39001226 1.21935762],[ 2.22352057 10.88565645  0.98655901]
/home/felixwiberg/rirnet/delta_features/database/data/95_d.npy,/home/felixwiberg/rirnet/delta_features/database/data/95_t.npy,"[[ 8.188878   8.188878   0.         0.        12.095493  12.095493
  12.095493   8.188878 ]
 [14.522488  21.471123  21.471123   0.         0.        14.522488
  14.522488  14.522488 ]
 [ 0.         0.         0.         0.         0.         0.
   0.         2.4944427]]","[0.23405872 0.23405872 0.23405872 0.23405872 0.23405872 0.23405872
 0.23405872 0.23405872]",[ 1.2589294  20.3503326   1.92615972],[ 2.22352057 10.88565645  0.98655901]
/home/felixwiberg/rirnet/delta_features/database/data/96_d.npy,/home/felixwiberg/rirnet/delta_features/database/data/96_t.npy,"[[ 8.188878   8.188878   0.         0.        12.095493  12.095493
  12.095493   8.188878 ]
 [14.522488  21.471123  21.471123   0.         0.        14.522488
  14.522488  14.522488 ]
 [ 0.         0.         0.         0.         0.         0.
   0.         2.4944427]]","[0.23405872 0.23405872 0.23405872 0.23405872 0.23405872 0.23405872
 0.23405872 0.23405872]",[8.13147458 9.34320871 1.61031354],[ 2.22352057 10.88565645  0.98655901]
/home/felixwiberg/rirnet/delta_features/database/data/97_d.npy,/home/felixwiberg/rirnet/delta_features/database/data/97_t.npy,"[[ 8.188878   8.188878   0.         0.        12.095493  12.095493
  12.095493   8.188878 ]
 [14.522488  21.471123  21.471123   0.         0.        14.522488
  14.522488  14.522488 ]
 [ 0.         0.         0.         0.         0.         0.
   0.         2.4944427]]","[0.23405872 0.23405872 0.23405872 0.23405872 0.23405872 0.23405872
 0.23405872 0.23405872]",[6.05247934 8.13181012 1.4624137 ],[ 2.22352057 10.88565645  0.98655901]
/home/felixwiberg/rirnet/delta_features/database/data/98_d.npy,/home/felixwiberg/rirnet/delta_features/database/data/98_t.npy,"[[ 8.188878   8.188878   0.         0.        12.095493  12.095493
  12.095493   8.188878 ]
 [14.522488  21.471123  21.471123   0.         0.        14.522488
  14.522488  14.522488 ]
 [ 0.         0.         0.         0.         0.         0.
   0.         2.4944427]]","[0.23405872 0.23405872 0.23405872 0.23405872 0.23405872 0.23405872
 0.23405872 0.23405872]",[6.50090997 9.33544444 1.10720825],[ 2.22352057 10.88565645  0.98655901]
/home/felixwiberg/rirnet/delta_features/database/data/99_d.npy,/home/felixwiberg/rirnet/delta_features/database/data/99_t.npy,"[[ 8.188878   8.188878   0.         0.        12.095493  12.095493
  12.095493   8.188878 ]
 [14.522488  21.471123  21.471123   0.         0.        14.522488
  14.522488  14.522488 ]
 [ 0.         0.         0.         0.         0.         0.
   0.         2.4944427]]","[0.23405872 0.23405872 0.23405872 0.23405872 0.23405872 0.23405872
 0.23405872 0.23405872]",[ 6.75316424 13.08405707  1.45057115],[ 2.22352057 10.88565645  0.98655901]
